id,origin,collectionId,templateId,mintedToUserId,mintedToHandle,itemName,rarity,imageUrl,multimediaUrl,paymentId,mintedAt,isArchived
6973d82835f5681f98ce5536,74a3397c488a81d036047d0556cb0feb035eb3e4a63a3c1f37bc9944e41c5b15_0,6973cdb535f5681f98ce551e,3f6e8e5a-e379-46f0-a9fa-8978273d5526,600eb4c55eb50a0c7bb18a35,bigriz,Ceramic Knuckles,Uncommon,https://res.cloudinary.com/dcerwavw6/image/upload/v1769102056/Ceramic_kunckle_front_ptlhic.png,https://res.cloudinary.com/dcerwavw6/image/upload/v1769102056/Ceramic_kunckle_ha95bs.glb,aa8968ac-4f93-4494-8014-3d2d85bfe74f,2026-01-23T20:20:57.043Z,true
697426a635f5681f98ce5752,02ff6cb68f3db625d020be332bf558a85901e78041ca1948c29257052f379e10_0,6973cd7135f5681f98ce551c,bf86a92e-001b-40ac-a51e-826a9cb60f4b,601ae8cf640e9b0c6759567f,Lexssit,Vampire Rat,Epic,https://res.cloudinary.com/dcerwavw6/image/upload/v1769170613/Vampire_Rat_right_x9mvjj.png,https://res.cloudinary.com/dcerwavw6/image/upload/v1769170615/Vampire_Rat_y7gmgc.glb,bce7cde4-8331-44e9-8670-9aee72f680ad,2026-01-24T01:55:50.553Z,false
6974280935f5681f98ce575b,70e16b9c2d3d1c2acd82541ea0b8c094c8ee319dbe1ac16cff1840506cfe0c69_0,6973cd7135f5681f98ce551c,33f2b119-7f97-4ab0-a26c-2aa0988af46c,618944137af9400b61b64f64,GameTight,Stilleto,Epic,https://res.cloudinary.com/dcerwavw6/image/upload/v1769120401/Stilleto_front_gq7vve.png,https://res.cloudinary.com/dcerwavw6/image/upload/v1769120400/Stilleto_ggwfux.glb,dd837972-a800-4f3f-8c5c-b02f554529c3,2026-01-24T02:01:46.196Z,false
6974288a35f5681f98ce575d,ee1eba53ee3c9fb670aa862a19b9252c6760f68498471c42ebc4e3343b515a00_0,6973cd7135f5681f98ce551c,ead7336d-b7a9-4ecc-85e0-9026238413cd,626deac2b4caf547b8617718,Johnwayne,Beer Coin,Uncommon,https://res.cloudinary.com/dcerwavw6/image/upload/v1769102054/beer_coin_front_yu9rxf.png,https://res.cloudinary.com/dcerwavw6/image/upload/v1769102057/beer_coin_byskce.glb,73633206-7af6-4d1e-a15f-e6ec1033151d,2026-01-24T02:03:54.652Z,false
697428d935f5681f98ce575f,340c8651bf7e0094c4f305c5b0e2222ba573b9de47840b89c6abf2be5e614e2a_0,6973cd7135f5681f98ce551c,bf86a92e-001b-40ac-a51e-826a9cb60f4b,626deac2b4caf547b8617718,Johnwayne,Vampire Rat,Epic,https://res.cloudinary.com/dcerwavw6/image/upload/v1769170613/Vampire_Rat_right_x9mvjj.png,https://res.cloudinary.com/dcerwavw6/image/upload/v1769170615/Vampire_Rat_y7gmgc.glb,3c41d7fa-4920-4615-a786-e9f9986d4d91,2026-01-24T02:05:13.524Z,false
69742bd735f5681f98ce5761,19c2102ad94fb5c3ace5497d595bad5a936b738ac372c9e6416d15723514f6b1_0,6973cd7135f5681f98ce551c,e19fc380-7894-4702-84a2-ccb4129d015e,5ffa137e9e6c410c7eec4df0,krause,Tank Stroller,Rare,https://res.cloudinary.com/dcerwavw6/image/upload/v1769120403/tank_stroller_front_zfxwyz.png,https://res.cloudinary.com/dcerwavw6/image/upload/v1769120403/tank_stroller_eybwod.glb,ff09215d-cac8-4519-996c-3391b377be81,2026-01-24T02:17:59.885Z,false
697430e335f5681f98ce5763,f95ae8e843f788932aec79d74785f1a8009ca47b749c7d9b09ec17aeace081bc_0,6973cd7135f5681f98ce551c,940a291a-ac6b-44a6-90e2-28c2370df85d,60eedd6b9827f40b2aecd32e,METADESK,Babushka's Battle Scarf,Epic,https://res.cloudinary.com/dcerwavw6/image/upload/v1769102054/babushka_battle_scarf_front_bqzppi.png,https://res.cloudinary.com/dcerwavw6/image/upload/v1769102054/babushka_battle_scarf_hcerny.glb,14e06064-bed5-4630-bd3c-1d3d3078519e,2026-01-24T02:39:31.959Z,false
6974336735f5681f98ce5764,d6a24589f9ee73763585d1a7f88f5c5cec080777686961fcc43a51185a63304c_0,6973cd7135f5681f98ce551c,40fdf2e1-a66b-4841-a412-4397e5612cf4,5fd81a2d38a02d38442f52e5,ruhd,Babushka's Infinity Purse,Legendary,https://res.cloudinary.com/dcerwavw6/image/upload/v1769102206/Infinity_puch_front_t33vep.png,https://res.cloudinary.com/dcerwavw6/image/upload/v1769102207/Infinity_puch_ej1tbp.glb,3244fd3d-fc64-4fb2-a034-98fbf869724d,2026-01-24T02:50:15.533Z,false
6974e42935f5681f98ce5a92,bbc9579bec637873b84228bacc45c634ecf041477e84fdef0c003a86aa5b8f7a_0,6973cd7135f5681f98ce551c,ba84e16d-5692-41f8-872e-91c27d399bea,5fc1231ab498a500295f7123,BrandonC,Gopnik Gondola,Epic,https://res.cloudinary.com/dcerwavw6/image/upload/v1769102121/Gopnik_gondola_front_gwa2ig.png,https://res.cloudinary.com/dcerwavw6/image/upload/v1769102121/Gopnik_gondola_mibozv.glb,d85c86b7-d043-4855-8b55-28698c18ba5c,2026-01-24T15:24:25.715Z,false
6974e78d35f5681f98ce5a9c,e13026709ce0c147a8f49c1372a97fdfea8a0eb47124cf68b2458e9d9a1e8c77_0,6973cd7135f5681f98ce551c,42c2640b-3374-4a11-81f1-77707bf9bd6c,60797fe28ce6350c1a661a94,peweeroots,Gopnik Spy Hat,Rare,https://res.cloudinary.com/dcerwavw6/image/upload/v1769102119/gop_spy_hat__right_vo9i5j.png,https://res.cloudinary.com/dcerwavw6/image/upload/v1769102119/gop_spy_hat_kzumis.glb,be480d88-f4f1-452c-97eb-2fab0f35db13,2026-01-24T15:38:53.561Z,false
6974e79d35f5681f98ce5a9d,e1ba81a2e0ae3c544ef914b268d0b050ec4b85a5b5d5418f4a411997ae9eb0ee_0,6973cd7135f5681f98ce551c,2686672f-2bb1-488b-b211-5913d055fde7,60797fe28ce6350c1a661a94,peweeroots,Nuclear Pigeon,Uncommon,https://res.cloudinary.com/dcerwavw6/image/upload/v1769102211/nuclear_pidgeon_right_d8aou8.png,https://res.cloudinary.com/dcerwavw6/image/upload/v1769102211/nuclear_pidgeon_jwighj.glb,2eda05cf-4f48-4036-9abd-dcac91be8ed1,2026-01-24T15:39:10.091Z,false
6974e80b35f5681f98ce5aa1,7d58ec20338b59130a4a2d9e6455f5aa3f317c8d26eef38fecea296e688b0791_0,6973cd7135f5681f98ce551c,88b2d510-5029-4abd-892a-8cf4db2452ef,60797fe28ce6350c1a661a94,peweeroots,Pickled GPU,Epic,https://res.cloudinary.com/dcerwavw6/image/upload/v1769102213/Pickled_GPU_front_sqf7rs.png,https://res.cloudinary.com/dcerwavw6/image/upload/v1769102214/Pickled_GPU_ozj2rr.glb,89fac055-4507-4ae3-abfe-e83e1d7a9c00,2026-01-24T15:40:59.337Z,false
6974e80d35f5681f98ce5aa3,ffc5e491bbeb63669720bdf77351fbe6daba8da291a37973847f19211dc7813e_0,6973cd7135f5681f98ce551c,ba84e16d-5692-41f8-872e-91c27d399bea,618944137af9400b61b64f64,GameTight,Gopnik Gondola,Epic,https://res.cloudinary.com/dcerwavw6/image/upload/v1769102121/Gopnik_gondola_front_gwa2ig.png,https://res.cloudinary.com/dcerwavw6/image/upload/v1769102121/Gopnik_gondola_mibozv.glb,c7f27652-dadf-45e9-b449-41d88db92342,2026-01-24T15:41:01.651Z,false
6970179896c4e28b65129fea,4f92d9576fae91778572e4b0f83921750fcc7387acc036175e6dc55aa6ad294e_0,6970072a96c4e28b65129f6b,,600eb4c55eb50a0c7bb18a35,bigriz,MTD Cube,Common,https://res.cloudinary.com/dcerwavw6/image/upload/v1768949525/MTDBOX_3_1_ug6lu4.png,,1d849f6e-a868-45de-b10d-cecd583a93e5,2026-01-21T00:02:32.541Z,true
697017b196c4e28b6512a006,c231612e30f91701040f8cb53daf688001a07b95bbc075aa4106dd891d74a79b_0,6970072a96c4e28b65129f6b,,600eb4c55eb50a0c7bb18a35,bigriz,MTD Cube,Common,https://res.cloudinary.com/dcerwavw6/image/upload/v1768949525/MTDBOX_3_1_ug6lu4.png,,c7068b44-c638-425b-8754-b5dfe64cf760,2026-01-21T00:02:57.503Z,true
69703fee96c4e28b6512a196,63653ec425ee9d3731b032597a5ffd52ce1758192188897dbd2c7f1ca37ca585_0,6970072a96c4e28b65129f6b,,5fc1231ab498a500295f7123,BrandonC,MTD Cube,Common,https://res.cloudinary.com/dcerwavw6/image/upload/v1768949525/MTDBOX_3_1_ug6lu4.png,,048b9af5-4ce9-406d-b731-ace0ebfcfd50,2026-01-21T02:54:38.670Z,true
6970f44696c4e28b6512a3ae,d227e3449310e69b5d4ecdd9f7a8504543770c457791f827def8e0ba7f958fa1_0,6970072a96c4e28b65129f6b,,600eb4c55eb50a0c7bb18a35,bigriz,MTD Cube,Common,https://res.cloudinary.com/dcerwavw6/image/upload/v1768949525/MTDBOX_3_1_ug6lu4.png,https://res.cloudinary.com/dcerwavw6/image/upload/v1768953592/mtdbox_jh1hdc.glb,53f8bf77-13a0-4fd2-a078-066749c9c60c,2026-01-21T15:44:06.610Z,true
6970ff6b96c4e28b6512a48c,610f3fd115d351b575733806bfb9c53fd8f519941af643b2218b604648206c50_0,6970072a96c4e28b65129f6b,,600eb4c55eb50a0c7bb18a35,bigriz,MTD Cube,Common,https://res.cloudinary.com/dcerwavw6/image/upload/v1768949525/MTDBOX_3_1_ug6lu4.png,https://res.cloudinary.com/dcerwavw6/image/upload/v1768953592/mtdbox_jh1hdc.glb,ed73934d-a0c9-47a2-95d7-668259db1d3f,2026-01-21T16:31:39.718Z,true
6971006b96c4e28b6512a48e,51e723be2da0bb97df626b4eb08d7f65fb84ddc4e702f23ba72b9d119023cf0b_0,6970072a96c4e28b65129f6b,,600eb4c55eb50a0c7bb18a35,bigriz,MTD Cube,Common,https://res.cloudinary.com/dcerwavw6/image/upload/v1768949525/MTDBOX_3_1_ug6lu4.png,https://res.cloudinary.com/dcerwavw6/image/upload/v1768953592/mtdbox_jh1hdc.glb,c8cc1c93-52e3-4891-bfe3-270958820da2,2026-01-21T16:35:55.645Z,true
6971008b96c4e28b6512a48f,f12ce811613eb1b16116737fd0e6b889ca8790032ab2f5e6e2d06dec0fe9490b_0,6970072a96c4e28b65129f6b,,600eb4c55eb50a0c7bb18a35,bigriz,MTD Cube,Common,https://res.cloudinary.com/dcerwavw6/image/upload/v1768949525/MTDBOX_3_1_ug6lu4.png,https://res.cloudinary.com/dcerwavw6/image/upload/v1768953592/mtdbox_jh1hdc.glb,679a052b-2de4-4ca9-9702-b7f0403cf1c3,2026-01-21T16:36:27.591Z,true
6971021696c4e28b6512a494,cd974b30f6a598344ae867afb7f92cd0c10abfe938707141d5535d89cd9d66bf_0,6970072a96c4e28b65129f6b,,600eb4c55eb50a0c7bb18a35,bigriz,MTD Cube,Common,https://res.cloudinary.com/dcerwavw6/image/upload/v1768949525/MTDBOX_3_1_ug6lu4.png,https://res.cloudinary.com/dcerwavw6/image/upload/v1768953592/mtdbox_jh1hdc.glb,974bd152-18a0-4ece-a8df-0df003cdd339,2026-01-21T16:43:02.447Z,true
6971026d96c4e28b6512a49d,b4219cf8c8bae264714e87659209b3a56cb9e66f8bc79fcc00849cbcbe58aa33_0,6970072a96c4e28b65129f6b,,600eb4c55eb50a0c7bb18a35,bigriz,MTD Cube,Common,https://res.cloudinary.com/dcerwavw6/image/upload/v1768949525/MTDBOX_3_1_ug6lu4.png,https://res.cloudinary.com/dcerwavw6/image/upload/v1768953592/mtdbox_jh1hdc.glb,902467f2-754d-42c2-824d-936f7819bdf2,2026-01-21T16:44:29.889Z,true
697102ee96c4e28b6512a4a2,d273b7862f7a0da32e887aa360b20fb0de8a7953731ac95b97aa19eb7ad751f2_0,6970072a96c4e28b65129f6b,479e27ba-d505-4930-b16e-b0819e269a10,600eb4c55eb50a0c7bb18a35,bigriz,MTD Cube,Common,https://res.cloudinary.com/dcerwavw6/image/upload/v1768949525/MTDBOX_3_1_ug6lu4.png,https://res.cloudinary.com/dcerwavw6/image/upload/v1768953592/mtdbox_jh1hdc.glb,5cf1cba3-93f2-4a98-afa7-f30b4794adfd,2026-01-21T16:46:38.534Z,true
697181f535f5681f98ce4e2c,fb81c8d12af97272e333d9b0ec7c382e2e1c76e6f70d97af7975a5aed37b1177_0,6970072a96c4e28b65129f6b,479e27ba-d505-4930-b16e-b0819e269a10,600eb4c55eb50a0c7bb18a35,bigriz,MTD Cube,Common,https://res.cloudinary.com/dcerwavw6/image/upload/v1768949525/MTDBOX_3_1_ug6lu4.png,https://res.cloudinary.com/dcerwavw6/image/upload/v1768953592/mtdbox_jh1hdc.glb,a3bf48a8-cbfb-4b54-b7ae-d622c4ddfef5,2026-01-22T01:48:37.607Z,true
6972598535f5681f98ce5049,d3d3e413806498a459a868723b17b71e143c9814fb2d01283749a286a018f1f6_0,6970072a96c4e28b65129f6b,479e27ba-d505-4930-b16e-b0819e269a10,600eb4c55eb50a0c7bb18a35,bigriz,MTD Cube,Common,https://res.cloudinary.com/dcerwavw6/image/upload/v1768949525/MTDBOX_3_1_ug6lu4.png,https://res.cloudinary.com/dcerwavw6/image/upload/v1768953592/mtdbox_jh1hdc.glb,d12f123e-c23d-49c1-ae9c-f4f181423b93,2026-01-22T17:08:22.222Z,true
697259b535f5681f98ce504a,af94d56d2b40b0b32822bded1343bdb7c671ea069f1de3f08cf7b2bc6868bb13_0,6970072a96c4e28b65129f6b,479e27ba-d505-4930-b16e-b0819e269a10,600eb4c55eb50a0c7bb18a35,bigriz,MTD Cube,Common,https://res.cloudinary.com/dcerwavw6/image/upload/v1768949525/MTDBOX_3_1_ug6lu4.png,https://res.cloudinary.com/dcerwavw6/image/upload/v1768953592/mtdbox_jh1hdc.glb,f8989f48-d679-4fa5-808a-256934ec357a,2026-01-22T17:09:09.299Z,true
697259ee35f5681f98ce504d,5449fe7e25bf1e20b1a7549febbdbcacb11889d4471568abbaa469d561f66eeb_0,6970072a96c4e28b65129f6b,479e27ba-d505-4930-b16e-b0819e269a10,600eb4c55eb50a0c7bb18a35,bigriz,MTD Cube,Common,https://res.cloudinary.com/dcerwavw6/image/upload/v1768949525/MTDBOX_3_1_ug6lu4.png,https://res.cloudinary.com/dcerwavw6/image/upload/v1768953592/mtdbox_jh1hdc.glb,97e63b6c-266d-4c53-8f8a-5bccf4a564ff,2026-01-22T17:10:06.640Z,true
69725a5835f5681f98ce504e,5cb4487c4cabf0f80b6e9161eca090a48cbbf35d8fd5395893a1b7e252c8a1b0_0,6970072a96c4e28b65129f6b,479e27ba-d505-4930-b16e-b0819e269a10,600eb4c55eb50a0c7bb18a35,bigriz,MTD Cube,Common,https://res.cloudinary.com/dcerwavw6/image/upload/v1768949525/MTDBOX_3_1_ug6lu4.png,https://res.cloudinary.com/dcerwavw6/image/upload/v1768953592/mtdbox_jh1hdc.glb,8d57ed88-8643-4bd4-b0b4-575afd1449ec,2026-01-22T17:11:53.158Z,true
69725a6435f5681f98ce504f,71f10b9a0bcf39de1dac7b65f5aa8d5a08a4025a4d2e0e57cb72a6de6aa6330a_0,6970072a96c4e28b65129f6b,479e27ba-d505-4930-b16e-b0819e269a10,600eb4c55eb50a0c7bb18a35,bigriz,MTD Cube,Common,https://res.cloudinary.com/dcerwavw6/image/upload/v1768949525/MTDBOX_3_1_ug6lu4.png,https://res.cloudinary.com/dcerwavw6/image/upload/v1768953592/mtdbox_jh1hdc.glb,df6408f3-3b0e-4b79-80c9-e8fe47547338,2026-01-22T17:12:04.897Z,true
6972a8e435f5681f98ce510b,77a4c53775e5d05c6e9f802ee8ce2056c42f7834a18e8f7feb47260ede216322_0,6970072a96c4e28b65129f6b,47abec24-71d0-46fe-be26-b89664738119,5fc1231ab498a500295f7123,BrandonC,Garlic Ring,Epic,https://res.cloudinary.com/dcerwavw6/image/upload/v1769102117/garlic_ring_front_hrt7yt.png,https://res.cloudinary.com/dcerwavw6/image/upload/v1769102117/garlic_ring_t6tx1j.glb,1eea9ebc-f9e9-4489-8cfc-3ede9cf9b63c,2026-01-22T22:47:01.170Z,true
mock-1768925447973,mock-origin-1768925447973,,,600eb4c55eb50a0c7bb18a35,bigriz,Gold Chain,Epic,https://res.cloudinary.com/handcash-io/image/upload/v1710255990/items/gold_chain.png,,,2026-01-20T16:10:46.990Z,true
mock-1768948119391,mock-origin-1768948119391,,,600eb4c55eb50a0c7bb18a35,bigriz,Golden Ushanka,Legendary,https://res.cloudinary.com/handcash-io/image/upload/v1710255990/items/ushanka.png,,,2026-01-20T22:28:40.133Z,true
mock-1768948425637,mock-origin-1768948425637,,,600eb4c55eb50a0c7bb18a35,bigriz,Adidas Tracksuit,Common,https://res.cloudinary.com/handcash-io/image/upload/v1710255990/items/tracksuit_blue.png,,,2026-01-20T22:33:46.370Z,true
mock-1768948497149,mock-origin-1768948497149,,,600eb4c55eb50a0c7bb18a35,bigriz,Adidas Tracksuit,Common,https://res.cloudinary.com/handcash-io/image/upload/v1710255990/items/tracksuit_blue.png,,,2026-01-20T22:34:57.880Z,true
mock-1768948503993,mock-origin-1768948503993,,,600eb4c55eb50a0c7bb18a35,bigriz,Golden Ushanka,Legendary,https://res.cloudinary.com/handcash-io/image/upload/v1710255990/items/ushanka.png,,,2026-01-20T22:35:04.721Z,true
6972a93035f5681f98ce5111,b1ae730345b5e08b46910691894a987d2e1e79fc67e5d2a67414fc40c4e59e2d_0,6970072a96c4e28b65129f6b,cf515619-7ea9-45d7-ba2a-0ba62ae4158f,600eb4c55eb50a0c7bb18a35,bigriz,Gzhel SMG,Legendary,https://res.cloudinary.com/dcerwavw6/image/upload/v1769102117/Ghzel_SMP_right_modhhd.png,https://res.cloudinary.com/dcerwavw6/image/upload/v1769102119/Ghzel_SMP_gtqjkt.glb,1fbf4160-0e97-4be0-8542-bce7a2440566,2026-01-22T22:48:17.200Z,true
6972ad0535f5681f98ce5119,9e79905c0dc9e10660a5722258f6128c31ab349742115f3431d006823e96d650_0,6970072a96c4e28b65129f6b,c97b1040-9ee9-411e-b432-81d2d7eaa162,60eedd6b9827f40b2aecd32e,METADESK,Haunted Lada,Rare,https://res.cloudinary.com/dcerwavw6/image/upload/v1769102206/haunted_lada_right_asvyno.png,https://res.cloudinary.com/dcerwavw6/image/upload/v1769119256/haunted_lada_h67eyt.glb,8fac2b44-c07b-4ce1-b9ac-2133be6fb641,2026-01-22T23:04:37.866Z,true
6972ad3635f5681f98ce511b,266ca0e2a59452cb647436a52015c0282d0ec989de4a9eff364c79c3f5ff410b_0,6970072a96c4e28b65129f6b,07b980e0-36dc-435d-90d6-25e587c7864f,60eedd6b9827f40b2aecd32e,METADESK,Kvass Reactor,Epic,https://res.cloudinary.com/dcerwavw6/image/upload/v1769102210/Kvass_reactor_front_kfxzqn.png,https://res.cloudinary.com/dcerwavw6/image/upload/v1769102209/Kvass_reactor_ad0s1p.glb,4102ce51-7526-46b0-b906-e3162d6e3f47,2026-01-22T23:05:26.879Z,true
6972b53135f5681f98ce5133,69e43431aca30c322faa2141f67b0bde7b0181e769ee71ee299fef2e6fd1657a_0,6970072a96c4e28b65129f6b,79b5c236-4141-4126-ae28-7181ca349b1f,600eb4c55eb50a0c7bb18a35,bigriz,Babushka's Shank,Rare,https://res.cloudinary.com/dcerwavw6/image/upload/v1769102054/babushka_shank_right_zmwdzy.png,https://res.cloudinary.com/dcerwavw6/image/upload/v1769102054/babushka_shank_wfdjhr.glb,1a39b288-bfbd-4f6f-aba4-dc2d5493cba1,2026-01-22T23:39:29.552Z,true
6972b53f35f5681f98ce5135,c03b1908a1ce38396b1398587d4e9431b3a3c4baa16d0528ce5256cdb16b3acc_0,6970072a96c4e28b65129f6b,72ec5ab1-61f7-4c6f-b906-a995ecb7a622,600eb4c55eb50a0c7bb18a35,bigriz,Peppermill Gun,Epic,https://res.cloudinary.com/dcerwavw6/image/upload/v1769102212/peppermill_gun_right_dkeyrf.png,https://res.cloudinary.com/dcerwavw6/image/upload/v1769102212/peppermill_gun_ja2syq.glb,3124db3a-6621-494d-af34-ad72c4475407,2026-01-22T23:39:43.817Z,true
6972b66135f5681f98ce5138,f5ea8411173036bb4202262669caaac3b835b43151dac0003c9ea5d360c56a36_0,6970072a96c4e28b65129f6b,0d6b23bb-9c67-4ac5-bd46-a23d100e2b8d,600eb4c55eb50a0c7bb18a35,bigriz,Dove Coin,Rare,https://res.cloudinary.com/dcerwavw6/image/upload/v1769102116/Dove_coin_top_aehju3.png,https://res.cloudinary.com/dcerwavw6/image/upload/v1769102117/Dove_coin_qhrtrk.glb,527e9f5e-3612-4ac4-80eb-bf6a8ebe78ab,2026-01-22T23:44:33.622Z,true
6972b7b435f5681f98ce513b,940fa02f0b8f0badd6bd70bcd113884480aac4b1df733fde1d310c70b9f0669c_0,6970072a96c4e28b65129f6b,33f2b119-7f97-4ab0-a26c-2aa0988af46c,600eb4c55eb50a0c7bb18a35,bigriz,Stilleto,Epic,https://res.cloudinary.com/dcerwavw6/image/upload/v1769120401/Stilleto_front_gq7vve.png,https://res.cloudinary.com/dcerwavw6/image/upload/v1769120400/Stilleto_ggwfux.glb,12dfbd45-5f80-4949-90ec-fca114928f9b,2026-01-22T23:50:12.566Z,true
6972b81935f5681f98ce513d,850c9eada0f984a92c24766f693b8bc82035a6ca9252944a6f9db9486482061d_0,6970072a96c4e28b65129f6b,0af1bc2e-fc55-4f88-a3f6-814ae4a852af,600eb4c55eb50a0c7bb18a35,bigriz,Big Biz Lada,Epic,https://res.cloudinary.com/dcerwavw6/image/upload/v1769102055/big_biz_lada_right_fbznlv.png,https://res.cloudinary.com/dcerwavw6/image/upload/v1769102055/big_biz_lada_drbxdj.glb,e172ad05-e127-45c8-8a69-4ede87828c8f,2026-01-22T23:51:53.677Z,true
6972b99735f5681f98ce5142,709dba9b7c267c4ca8c06520d614e10a7915eb4e135b9af642409cde25891177_0,6970072a96c4e28b65129f6b,e2e4e78c-95ef-4824-9867-a2c999da75cc,600eb4c55eb50a0c7bb18a35,bigriz,Skull Screen,Epic,https://res.cloudinary.com/dcerwavw6/image/upload/v1769120396/SkullScreen_front_ep0wox.png,https://res.cloudinary.com/dcerwavw6/image/upload/v1769120397/SkullScreen_unie19.glb,79743acd-5a32-415a-a116-a1fb1891737b,2026-01-22T23:58:16.204Z,true
6972cb0a35f5681f98ce52df,cc099f8aec0f5a140000f2b1f305ba9b565dd2402c2ce21db26e94f6b8cb15c2_0,6970072a96c4e28b65129f6b,940a291a-ac6b-44a6-90e2-28c2370df85d,60eedd6b9827f40b2aecd32e,METADESK,Babushka's Battle Scarf,Epic,https://res.cloudinary.com/dcerwavw6/image/upload/v1769102054/babushka_battle_scarf_front_bqzppi.png,https://res.cloudinary.com/dcerwavw6/image/upload/v1769102054/babushka_battle_scarf_hcerny.glb,e0c09a81-5d34-40e5-aa30-15fdd12f6f27,2026-01-23T01:12:42.913Z,true
6972cb2335f5681f98ce52e4,8bc8b6ed7fc227daf84452cb56c1bdf60d25237010b51302a134a32dea12b859_0,6970072a96c4e28b65129f6b,cf515619-7ea9-45d7-ba2a-0ba62ae4158f,60eedd6b9827f40b2aecd32e,METADESK,Gzhel SMG,Legendary,https://res.cloudinary.com/dcerwavw6/image/upload/v1769102117/Ghzel_SMP_right_modhhd.png,https://res.cloudinary.com/dcerwavw6/image/upload/v1769102119/Ghzel_SMP_gtqjkt.glb,3eb377b1-cb92-403a-9179-8e414472a52e,2026-01-23T01:13:07.889Z,true
6972cb4935f5681f98ce52e5,c53d63258faa0e4a4114afdee5e3c70102666b3c1f11f36913a2765be7442f1a_0,6970072a96c4e28b65129f6b,0d6b23bb-9c67-4ac5-bd46-a23d100e2b8d,60eedd6b9827f40b2aecd32e,METADESK,Dove Coin,Rare,https://res.cloudinary.com/dcerwavw6/image/upload/v1769102116/Dove_coin_top_aehju3.png,https://res.cloudinary.com/dcerwavw6/image/upload/v1769102117/Dove_coin_qhrtrk.glb,49a9de1d-5554-4827-b9f2-cc217554b9d2,2026-01-23T01:13:46.189Z,true
6972cb5a35f5681f98ce52e6,ce78c5e5af850649f5d4606863ef73e0ab7939db2570330a02d71e0ba3170016_0,6970072a96c4e28b65129f6b,0d6b23bb-9c67-4ac5-bd46-a23d100e2b8d,60eedd6b9827f40b2aecd32e,METADESK,Dove Coin,Rare,https://res.cloudinary.com/dcerwavw6/image/upload/v1769102116/Dove_coin_top_aehju3.png,https://res.cloudinary.com/dcerwavw6/image/upload/v1769102117/Dove_coin_qhrtrk.glb,42961bcc-d984-464e-a10f-ffa47d2f62d0,2026-01-23T01:14:02.346Z,true
6972d1df35f5681f98ce52e9,0853a16c2883aa175b380791202df1dd607c3a535acab8aead42156f52188b31_0,6970072a96c4e28b65129f6b,72ec5ab1-61f7-4c6f-b906-a995ecb7a622,5ffc6728dd9fa00c77fe8494,k83m,Peppermill Gun,Epic,https://res.cloudinary.com/dcerwavw6/image/upload/v1769102212/peppermill_gun_right_dkeyrf.png,https://res.cloudinary.com/dcerwavw6/image/upload/v1769102212/peppermill_gun_ja2syq.glb,d0ed0af7-695c-4e9d-815c-cfe5976105cd,2026-01-23T01:41:52.252Z,true
6973dc1435f5681f98ce5540,f08616f105e67c2d1993fb33e93cb4cd381978459c472437d7c6207509197855_0,6973cd7135f5681f98ce551c,940a291a-ac6b-44a6-90e2-28c2370df85d,600eb4c55eb50a0c7bb18a35,bigriz,Babushka's Battle Scarf,Epic,https://res.cloudinary.com/dcerwavw6/image/upload/v1769102054/babushka_battle_scarf_front_bqzppi.png,https://res.cloudinary.com/dcerwavw6/image/upload/v1769102054/babushka_battle_scarf_hcerny.glb,2aab56d3-c168-42e5-a0cd-991e3a827053,2026-01-23T20:37:40.336Z,false
6974350735f5681f98ce5772,a3fe046876e05714acb032ac18632b628737f3ca19b50b3b3a378a5ca3110ad8_0,6973cd7135f5681f98ce551c,ab38e550-1a06-4102-86cb-40a3c94c8409,6018e8d4688f700dc31f8a12,rapolan,Ruby Ushanka,Legendary,https://res.cloudinary.com/dcerwavw6/image/upload/v1769170612/Ruby_Ushanka_needs_depth_inside__front_gxcosr.png,https://res.cloudinary.com/dcerwavw6/image/upload/v1769170613/Ruby_Ushanka_needs_depth_inside_wms1mi.glb,46138717-4ba5-4c68-b237-dcaaab0dec2b,2026-01-24T02:57:11.845Z,false
6974351935f5681f98ce5774,8649f53f2ec3f5b0f3af6cba57f43b40d9938b93a8dbf14b02c4acf4b8f909b6_0,6973cd7135f5681f98ce551c,3b5e3ae3-8de2-414e-b116-42f92a23d35f,6018e8d4688f700dc31f8a12,rapolan,Infinite Sunflower Pouch,Epic,https://res.cloudinary.com/dcerwavw6/image/upload/v1769102206/Infinite_sunflower_puch_front_ib4rdy.png,https://res.cloudinary.com/dcerwavw6/image/upload/v1769102207/Infinite_sunflower_puch_lnzb1y.glb,86ed0568-ed43-49de-8fca-6a8f86db9af7,2026-01-24T02:57:29.483Z,false
6974352535f5681f98ce5776,5eaa1f9d1e99b9c2f807f42139f3dc9b8f498766bcef8a61752471cc170d9bdd_0,6973cd7135f5681f98ce551c,42c2640b-3374-4a11-81f1-77707bf9bd6c,6018e8d4688f700dc31f8a12,rapolan,Gopnik Spy Hat,Rare,https://res.cloudinary.com/dcerwavw6/image/upload/v1769102119/gop_spy_hat__right_vo9i5j.png,https://res.cloudinary.com/dcerwavw6/image/upload/v1769102119/gop_spy_hat_kzumis.glb,7c7b8f6c-7c42-4931-823e-c3ef80281ee8,2026-01-24T02:57:42.114Z,false
6974357635f5681f98ce5779,857c8e07a4220a19eb81a38b22d1a7f6f832cdbb971036db2ffb29cbbcf7eafd_0,6973cd7135f5681f98ce551c,c9eba124-5ab3-4321-9a49-13b6f3268b6f,6018e8d4688f700dc31f8a12,rapolan,Pig Luggage,Rare,https://res.cloudinary.com/dcerwavw6/image/upload/v1769120395/Pig_luggage_front_rhxl5e.png,https://res.cloudinary.com/dcerwavw6/image/upload/v1769120395/Pig_luggage_pcu4xl.glb,dcd00cb1-f7ee-4e24-afef-7df55293b436,2026-01-24T02:59:02.551Z,false
6974358135f5681f98ce577b,d3c2a7bcea48c0fb7bbd1535a31700a1fbbb9dcde60d1d9c500c42e5aeadefb7_0,6973cd7135f5681f98ce551c,c9eba124-5ab3-4321-9a49-13b6f3268b6f,6018e8d4688f700dc31f8a12,rapolan,Pig Luggage,Rare,https://res.cloudinary.com/dcerwavw6/image/upload/v1769120395/Pig_luggage_front_rhxl5e.png,https://res.cloudinary.com/dcerwavw6/image/upload/v1769120395/Pig_luggage_pcu4xl.glb,1e44be1f-7f2c-45d0-83f6-7aa74185b40c,2026-01-24T02:59:13.846Z,false
6974e86135f5681f98ce5aa4,4547932d0d65f8dfe6738352b4192284c84635219d54ac4b5f9d3a730c606dcb_0,6973cd7135f5681f98ce551c,0d6b23bb-9c67-4ac5-bd46-a23d100e2b8d,60797fe28ce6350c1a661a94,peweeroots,Dove Coin,Rare,https://res.cloudinary.com/dcerwavw6/image/upload/v1769102116/Dove_coin_top_aehju3.png,https://res.cloudinary.com/dcerwavw6/image/upload/v1769102117/Dove_coin_qhrtrk.glb,034d04ed-1199-4905-a9c7-4f04dcea7669,2026-01-24T15:42:26.012Z,false
6974e88b35f5681f98ce5aa6,31b6258dcb0584b430cfddc5fad5f40bc30cc9f10d87199bde62e1508fa828e6_0,6973cd7135f5681f98ce551c,ba84e16d-5692-41f8-872e-91c27d399bea,60797fe28ce6350c1a661a94,peweeroots,Gopnik Gondola,Epic,https://res.cloudinary.com/dcerwavw6/image/upload/v1769102121/Gopnik_gondola_front_gwa2ig.png,https://res.cloudinary.com/dcerwavw6/image/upload/v1769102121/Gopnik_gondola_mibozv.glb,d75a7273-b2fc-41c1-af99-4ff96162bba8,2026-01-24T15:43:07.377Z,false
6976a76935f5681f98ce5eb4,fcb4907f1f61bfe10a53aeb74edb12236aa278afd5eb416d33c43d1b091619fe_0,6973cd7135f5681f98ce551c,3f6e8e5a-e379-46f0-a9fa-8978273d5526,60797fe28ce6350c1a661a94,peweeroots,Ceramic Knuckles,Uncommon,https://res.cloudinary.com/dcerwavw6/image/upload/v1769102056/Ceramic_kunckle_front_ptlhic.png,https://res.cloudinary.com/dcerwavw6/image/upload/v1769102056/Ceramic_kunckle_ha95bs.glb,d70bcfa1-7d7d-4900-8019-830682490938,2026-01-25T23:29:45.470Z,false
6973ff2135f5681f98ce55a9,4805f7678b66eaf5559e07c8de0005a7a08b197397067463a709d73c09c3266b_0,6973cd7135f5681f98ce551c,33869806-4f3f-4e4f-b3bd-f32bba8b0020,60eedd6b9827f40b2aecd32e,METADESK,Holy Cheese,Legendary,https://res.cloudinary.com/dcerwavw6/image/upload/v1769170611/holy_cheese_right_twkuwd.png,https://res.cloudinary.com/dcerwavw6/image/upload/v1769170611/holy_cheese_w6fexa.glb,a2545374-cb2b-466d-8c1d-43d1b8c42458,2026-01-23T23:07:14.128Z,false
6974375835f5681f98ce577d,a698567174448b7362db8c0f3236a584815317600fce34037c570d66bdeeec6b_0,6973cd7135f5681f98ce551c,5698fb30-6306-4c35-a868-75f0c64839f8,6018e8d4688f700dc31f8a12,rapolan,Gopnik Grail,Legendary,https://res.cloudinary.com/dcerwavw6/image/upload/v1769170612/grail_v2_front_nuwtzb.png,https://res.cloudinary.com/dcerwavw6/image/upload/v1769170614/grail_v2_tfa32y.glb,faa53ab5-a545-4374-8485-849d99ca6d77,2026-01-24T03:07:04.354Z,false
6974ea7735f5681f98ce5aa8,99f94db067d4c3f0c7c3836ab20f61658e4be27b0d8048ed21ce64e34c51b7dc_0,6973cd7135f5681f98ce551c,0d6b23bb-9c67-4ac5-bd46-a23d100e2b8d,615f320547f3d00b4b5d0b4f,XYZbot,Dove Coin,Rare,https://res.cloudinary.com/dcerwavw6/image/upload/v1769102116/Dove_coin_top_aehju3.png,https://res.cloudinary.com/dcerwavw6/image/upload/v1769102117/Dove_coin_qhrtrk.glb,c99e9af0-4ae3-4954-8fde-f2db99dfc5f1,2026-01-24T15:51:19.686Z,false
69755f0835f5681f98ce5bf3,dd6bc2f17e3ff16deb026944bd810b375002fbb42fce26d1f256892e2fa5974b_0,6973cd7135f5681f98ce551c,a9450d1a-1f43-4cc3-a8be-7cc645fa4695,5fde61fd2a26fe0c31d5ff03,andyrowe,Orthodox Visors,Uncommon,https://res.cloudinary.com/dcerwavw6/image/upload/v1769102211/Orthodox_visors_front_mbtbrw.png,https://res.cloudinary.com/dcerwavw6/image/upload/v1769102212/Orthodox_visors_cmggsg.glb,e10b9697-0839-49cc-9524-1da8199e4a9c,2026-01-25T00:08:41.286Z,false
69755f1c35f5681f98ce5bfe,658eff12993e2dfaafeed18ee6b131f39c2ceee0c38c54b9520fef77ec7bd089_0,6973cd7135f5681f98ce551c,0d6b23bb-9c67-4ac5-bd46-a23d100e2b8d,5fde61fd2a26fe0c31d5ff03,andyrowe,Dove Coin,Rare,https://res.cloudinary.com/dcerwavw6/image/upload/v1769102116/Dove_coin_top_aehju3.png,https://res.cloudinary.com/dcerwavw6/image/upload/v1769102117/Dove_coin_qhrtrk.glb,d78d28b0-d65a-4239-a73f-56c01f21b5db,2026-01-25T00:09:01.170Z,false
69755f2e35f5681f98ce5c07,8c1d5c672b8372f6558b5799a792bec29d4c85753b20ae28b6795273e3c608eb_0,6973cd7135f5681f98ce551c,ead7336d-b7a9-4ecc-85e0-9026238413cd,5fde61fd2a26fe0c31d5ff03,andyrowe,Beer Coin,Uncommon,https://res.cloudinary.com/dcerwavw6/image/upload/v1769102054/beer_coin_front_yu9rxf.png,https://res.cloudinary.com/dcerwavw6/image/upload/v1769102057/beer_coin_byskce.glb,091951e3-88f5-4584-8725-2929884a963a,2026-01-25T00:09:18.768Z,false
69755f3c35f5681f98ce5c0c,e3c6d0ae84e9a0b2658ef332844ee98517cf4297ff83ebd20fefac7c79286834_0,6973cd7135f5681f98ce551c,33f2b119-7f97-4ab0-a26c-2aa0988af46c,5fde61fd2a26fe0c31d5ff03,andyrowe,Stilleto,Epic,https://res.cloudinary.com/dcerwavw6/image/upload/v1769120401/Stilleto_front_gq7vve.png,https://res.cloudinary.com/dcerwavw6/image/upload/v1769120400/Stilleto_ggwfux.glb,b0758e7e-a64c-430f-a50b-a7c311bde933,2026-01-25T00:09:32.977Z,false
6976311735f5681f98ce5d7a,59758775307203a59ac2c89f42f2b05a05b009cb433c35ee0874e8e7324023b3_0,6973cd7135f5681f98ce551c,0af1bc2e-fc55-4f88-a3f6-814ae4a852af,620552e6cf047c60fe10ee52,ChimpinAintEZ,Big Biz Lada,Epic,https://res.cloudinary.com/dcerwavw6/image/upload/v1769102055/big_biz_lada_right_fbznlv.png,https://res.cloudinary.com/dcerwavw6/image/upload/v1769102055/big_biz_lada_drbxdj.glb,eb32010a-4301-4068-90bd-251bb54acf76,2026-01-25T15:04:55.691Z,false
6976c8c635f5681f98ce604b,76f68a84134be12c0828e65fa9f3b256d0c5660886827d4631cc0f75d87dd1a8_0,6973cd7135f5681f98ce551c,c9eba124-5ab3-4321-9a49-13b6f3268b6f,618944137af9400b61b64f64,GameTight,Pig Luggage,Rare,https://res.cloudinary.com/dcerwavw6/image/upload/v1769120395/Pig_luggage_front_rhxl5e.png,https://res.cloudinary.com/dcerwavw6/image/upload/v1769120395/Pig_luggage_pcu4xl.glb,f9a8ac19-8196-456e-a835-5b3b5040b333,2026-01-26T01:52:06.451Z,false
6976caf935f5681f98ce6055,c0e3c443c9bcdd26a58772bbd302cc1cb45e82635298e4967f3a9e09bb9516d6_0,6973cd7135f5681f98ce551c,ead7336d-b7a9-4ecc-85e0-9026238413cd,60eedd6b9827f40b2aecd32e,METADESK,Beer Coin,Uncommon,https://res.cloudinary.com/dcerwavw6/image/upload/v1769102054/beer_coin_front_yu9rxf.png,https://res.cloudinary.com/dcerwavw6/image/upload/v1769102057/beer_coin_byskce.glb,329426d2-647c-471e-9bbd-0ff4532695bd,2026-01-26T02:01:29.698Z,false
6976ee2835f5681f98ce6067,540f1943ce498c9d16f2e938786137d6f3e339e8e987bc7ff012d5899cb7edb1_0,6973cd7135f5681f98ce551c,3f6e8e5a-e379-46f0-a9fa-8978273d5526,5fea07508a682b0c6d2a4f75,Ahtiainen,Ceramic Knuckles,Uncommon,https://res.cloudinary.com/dcerwavw6/image/upload/v1769102056/Ceramic_kunckle_front_ptlhic.png,https://res.cloudinary.com/dcerwavw6/image/upload/v1769102056/Ceramic_kunckle_ha95bs.glb,9c782129-4ca8-4e02-b09a-cea794c5092e,2026-01-26T04:31:36.853Z,false
69773c2035f5681f98ce611a,ff0bb6286edec7e28f6495bb4d66647a85ac06d8484879dab5373f3177ceeb8b_0,6973cd7135f5681f98ce551c,0af1bc2e-fc55-4f88-a3f6-814ae4a852af,5fddf3bc8702bd0c4a3af6c3,Voyo,Big Biz Lada,Epic,https://res.cloudinary.com/dcerwavw6/image/upload/v1769102055/big_biz_lada_right_fbznlv.png,https://res.cloudinary.com/dcerwavw6/image/upload/v1769102055/big_biz_lada_drbxdj.glb,38281690-8613-416d-96ac-6432f0893b65,2026-01-26T10:04:16.900Z,false
697766b335f5681f98ce614c,65af80ec44144712c75e446f1c0845622147acaba51ceb11a4a47dd6383bafa0_0,6973cd7135f5681f98ce551c,cf515619-7ea9-45d7-ba2a-0ba62ae4158f,5ffc8a019e6c410c7eef7f45,guxiaolei,Gzhel SMG,Rare,https://res.cloudinary.com/dcerwavw6/image/upload/v1769102117/Ghzel_SMP_right_modhhd.png,https://res.cloudinary.com/dcerwavw6/image/upload/v1769102119/Ghzel_SMP_gtqjkt.glb,0f1fa753-970e-4a34-ad07-cd015174f391,2026-01-26T13:05:55.754Z,false
mock-1768948971121,mock-origin-1768948971121,,,600eb4c55eb50a0c7bb18a35,bigriz,Sunflower Seeds,Common,https://res.cloudinary.com/handcash-io/image/upload/v1710255990/items/seeds.png,,,2026-01-20T22:42:50.838Z,true
mock-1768949314317,mock-origin-1768949314317,,,600eb4c55eb50a0c7bb18a35,bigriz,Golden Ushanka,Legendary,https://res.cloudinary.com/handcash-io/image/upload/v1710255990/items/ushanka.png,,,2026-01-20T22:48:34.039Z,true
6970096b96c4e28b65129f70,0d5f635259ed46741d7e3ef284a5518c9acf383a42701b5c69685e6c85b929b0_0,6970072a96c4e28b65129f6b,,600eb4c55eb50a0c7bb18a35,bigriz,MTD Cube,Common,https://res.cloudinary.com/dcerwavw6/image/upload/v1768949525/MTDBOX_3_1_ug6lu4.png,,,2026-01-20T23:02:04.202Z,true
69700abb96c4e28b65129f73,b69b2aa813a49bcecc36e4e0ef05622299cfe71f5046e18faac65163e96b53f5_0,6970072a96c4e28b65129f6b,,600eb4c55eb50a0c7bb18a35,bigriz,MTD Cube,Common,https://res.cloudinary.com/dcerwavw6/image/upload/v1768949525/MTDBOX_3_1_ug6lu4.png,,,2026-01-20T23:07:39.280Z,true
69700cc096c4e28b65129f93,7ca3be9ca6370d34b592df84e555734e23c9495523c733ed315e389b19f1c6ea_0,6970072a96c4e28b65129f6b,,5fc1231ab498a500295f7123,BrandonC,MTD Cube,Common,https://res.cloudinary.com/dcerwavw6/image/upload/v1768949525/MTDBOX_3_1_ug6lu4.png,,,2026-01-20T23:16:16.801Z,true
69700f9596c4e28b65129f9c,ae5e15054ca69b36f0a601eb2465009fa1f9471db25eef25a2f651a5d9b61fb5_0,6970072a96c4e28b65129f6b,,600eb4c55eb50a0c7bb18a35,bigriz,MTD Cube,Common,https://res.cloudinary.com/dcerwavw6/image/upload/v1768949525/MTDBOX_3_1_ug6lu4.png,,,2026-01-20T23:28:22.209Z,true
697013b396c4e28b65129fb2,e2c8fa7a980f211d6e1d15c7ab7560d6636a1f466d25832001032928a631f523_0,6970072a96c4e28b65129f6b,,600eb4c55eb50a0c7bb18a35,bigriz,MTD Cube,Common,https://res.cloudinary.com/dcerwavw6/image/upload/v1768949525/MTDBOX_3_1_ug6lu4.png,,b21a59f2-7954-4029-bc03-725b37bbf762,2026-01-20T23:45:55.816Z,true
6970172796c4e28b65129fbd,fcc8e1dad91bf8e9fdffc32eebb5e97c30d60ff1047104b5fae86dce150cea6b_0,6970072a96c4e28b65129f6b,,600eb4c55eb50a0c7bb18a35,bigriz,MTD Cube,Common,https://res.cloudinary.com/dcerwavw6/image/upload/v1768949525/MTDBOX_3_1_ug6lu4.png,,43040c9e-6f94-4876-b989-da39778a6940,2026-01-21T00:00:39.675Z,true
6974039c35f5681f98ce55af,09b533517b4cf373cbce941df25cd61158c952696f150b77b1d2ea9c24812a98_0,6973d88c35f5681f98ce5538,,600eb4c55eb50a0c7bb18a35,bigriz,Test Mint Item,Common,https://res.cloudinary.com/dcerwavw6/image/upload/v1769170612/grail_v2_front_nuwtzb.png,,dd982f87-ebcc-4472-89a9-99af5dd1cd56,2026-01-23T23:26:21.090Z,false
697462fa35f5681f98ce57a8,05b6b2237dd4255e79402083585a46f4cb36bc65481819f26ae645afb2e718d4_0,6973cd7135f5681f98ce551c,2686672f-2bb1-488b-b211-5913d055fde7,60fd9e1615a4720b3bcce661,mrkozak,Nuclear Pigeon,Uncommon,https://res.cloudinary.com/dcerwavw6/image/upload/v1769102211/nuclear_pidgeon_right_d8aou8.png,https://res.cloudinary.com/dcerwavw6/image/upload/v1769102211/nuclear_pidgeon_jwighj.glb,339189ca-5ef2-4468-8402-6efb3b0d7044,2026-01-24T06:13:15.228Z,false
6974633935f5681f98ce57aa,626f70b3562c27c43edbc2806b9beac3cf0237704003c16dd36ee610a409561d_0,6973cd7135f5681f98ce551c,6ae20aff-f334-4060-978a-e39b6a807a79,60fd9e1615a4720b3bcce661,mrkozak,TT33 Pistol,Epic,https://res.cloudinary.com/dcerwavw6/image/upload/v1769120403/TT33_right_qcgova.png,https://res.cloudinary.com/dcerwavw6/image/upload/v1769120403/TT33_n09xc0.glb,38b7626d-f1c6-40fa-908e-e0ce9505a1af,2026-01-24T06:14:17.615Z,false
697463d135f5681f98ce57ad,6a73a37105d457a3e1e34ca367c50762487e2afe7e3668543851cb8555ab2b9e_0,6973cd7135f5681f98ce551c,a9450d1a-1f43-4cc3-a8be-7cc645fa4695,60fd9e1615a4720b3bcce661,mrkozak,Orthodox Visors,Uncommon,https://res.cloudinary.com/dcerwavw6/image/upload/v1769102211/Orthodox_visors_front_mbtbrw.png,https://res.cloudinary.com/dcerwavw6/image/upload/v1769102212/Orthodox_visors_cmggsg.glb,d61cbfbd-ceb6-40ad-baa5-6604468f5e89,2026-01-24T06:16:49.978Z,false
697463eb35f5681f98ce57af,2df7245964f8f8cfaedc4da59dee66ad06a8669ec122b1df03829eb0c0def114_0,6973cd7135f5681f98ce551c,940a291a-ac6b-44a6-90e2-28c2370df85d,60fd9e1615a4720b3bcce661,mrkozak,Babushka's Battle Scarf,Epic,https://res.cloudinary.com/dcerwavw6/image/upload/v1769102054/babushka_battle_scarf_front_bqzppi.png,https://res.cloudinary.com/dcerwavw6/image/upload/v1769102054/babushka_battle_scarf_hcerny.glb,7fccae47-d51a-4c7b-a382-04c18dd0d23c,2026-01-24T06:17:16.212Z,false
69752d5535f5681f98ce5afc,d0094e2a2609b1464a64863700073024070fda9755c89354fa525431197be266_0,6973cd7135f5681f98ce551c,1e831033-c2cb-45a9-90cf-a93bf516a180,5fc5b18f2da64b0029461a62,kurt,Holy Bread,Legendary,https://res.cloudinary.com/dcerwavw6/image/upload/v1769170611/Holy_bread_front_j3ahrh.png,https://res.cloudinary.com/dcerwavw6/image/upload/v1769170614/Holy_bread_ggwhrf.glb,0dfee7b1-79b9-4d61-81f3-b30b1480c382,2026-01-24T20:36:37.819Z,false
6975663935f5681f98ce5c9b,feaa1406dfbdb000d5709f42c8b3e738e2f96106ad4dee52d36644e4de7adef6_0,6973cd7135f5681f98ce551c,c9eba124-5ab3-4321-9a49-13b6f3268b6f,601ae8cf640e9b0c6759567f,Lexssit,Pig Luggage,Rare,https://res.cloudinary.com/dcerwavw6/image/upload/v1769120395/Pig_luggage_front_rhxl5e.png,https://res.cloudinary.com/dcerwavw6/image/upload/v1769120395/Pig_luggage_pcu4xl.glb,b568fe33-6e12-41f3-8193-ce4c5213de4d,2026-01-25T00:39:21.690Z,false
6976315635f5681f98ce5d7c,7ec4cc7517124dee1817fe3ba831eb1ddc411315941eeeaf2c63ff1ff315f052_0,6973cd7135f5681f98ce551c,2686672f-2bb1-488b-b211-5913d055fde7,620552e6cf047c60fe10ee52,ChimpinAintEZ,Nuclear Pigeon,Uncommon,https://res.cloudinary.com/dcerwavw6/image/upload/v1769102211/nuclear_pidgeon_right_d8aou8.png,https://res.cloudinary.com/dcerwavw6/image/upload/v1769102211/nuclear_pidgeon_jwighj.glb,6592d85e-e35e-4143-b58b-ddad1ed1fd0f,2026-01-25T15:05:58.480Z,false
6972a8f635f5681f98ce510e,0e71983195e71911cdb80cc85a78f51f5012fb1266927e32e012f48064df2343_0,6970072a96c4e28b65129f6b,07b980e0-36dc-435d-90d6-25e587c7864f,5fc1231ab498a500295f7123,BrandonC,Kvass Reactor,Epic,https://res.cloudinary.com/dcerwavw6/image/upload/v1769102210/Kvass_reactor_front_kfxzqn.png,https://res.cloudinary.com/dcerwavw6/image/upload/v1769102209/Kvass_reactor_ad0s1p.glb,8a034be7-a25b-4c03-b3b0-016c633881d7,2026-01-22T22:47:18.236Z,true
6972d1f235f5681f98ce52ea,64ae39428d99d4ad78a0fa6895684a2443ea1bf90230eb57bb83d82d84e3dc95_0,6970072a96c4e28b65129f6b,940a291a-ac6b-44a6-90e2-28c2370df85d,5ffc6728dd9fa00c77fe8494,k83m,Babushka's Battle Scarf,Epic,https://res.cloudinary.com/dcerwavw6/image/upload/v1769102054/babushka_battle_scarf_front_bqzppi.png,https://res.cloudinary.com/dcerwavw6/image/upload/v1769102054/babushka_battle_scarf_hcerny.glb,89d0beb9-5073-424c-921d-ff5b7caf2b9b,2026-01-23T01:42:10.293Z,true
697369ad35f5681f98ce539e,aa80c12203b16537bba2bb5616a494141856049d99fb71425c7a297db781ae93_0,6970072a96c4e28b65129f6b,42c2640b-3374-4a11-81f1-77707bf9bd6c,600eb4c55eb50a0c7bb18a35,bigriz,Gopnik Spy Hat,Rare,https://res.cloudinary.com/dcerwavw6/image/upload/v1769102119/gop_spy_hat__right_vo9i5j.png,https://res.cloudinary.com/dcerwavw6/image/upload/v1769102119/gop_spy_hat_kzumis.glb,4da4753d-f5e1-4439-970d-2e3b295a5e22,2026-01-23T12:29:33.590Z,true
697369bb35f5681f98ce53a0,d9de149a816c6b12fc0524b17b554a645be8d2d991dc2ff811fcc2c30f8733d6_0,6970072a96c4e28b65129f6b,c9eba124-5ab3-4321-9a49-13b6f3268b6f,600eb4c55eb50a0c7bb18a35,bigriz,Pig Luggage,Rare,https://res.cloudinary.com/dcerwavw6/image/upload/v1769120395/Pig_luggage_front_rhxl5e.png,https://res.cloudinary.com/dcerwavw6/image/upload/v1769120395/Pig_luggage_pcu4xl.glb,0532e4b5-1672-4651-a166-b85735a6afa8,2026-01-23T12:29:47.998Z,true
697369c635f5681f98ce53a4,9fa8df07b87e24ec03ff403eb749ea8d8cb72d5fe2fdf9d71563b3dd1b142ea7_0,6970072a96c4e28b65129f6b,bf86a92e-001b-40ac-a51e-826a9cb60f4b,600eb4c55eb50a0c7bb18a35,bigriz,Vampire Rat,Epic,https://res.cloudinary.com/dcerwavw6/image/upload/v1769170613/Vampire_Rat_right_x9mvjj.png,https://res.cloudinary.com/dcerwavw6/image/upload/v1769170615/Vampire_Rat_y7gmgc.glb,2f2629dc-461c-4324-aee8-0344446649c3,2026-01-23T12:29:58.594Z,true
69737e0135f5681f98ce53e4,102384261ee3a771daa7c4c4366a8e1aa8936cc6526b91378dbad4a0bea4ce87_0,6970072a96c4e28b65129f6b,c15ef963-5921-4cd0-96fb-9db9392251be,600eb4c55eb50a0c7bb18a35,bigriz,Soviet Stick,Legendary,https://res.cloudinary.com/dcerwavw6/image/upload/v1769120399/soviet_stick_top_hzvxhw.png,https://res.cloudinary.com/dcerwavw6/image/upload/v1769120400/soviet_stick_szddwr.glb,40e1df48-21a3-4803-bff4-3e62af5991b7,2026-01-23T13:56:18.036Z,true
69737e1235f5681f98ce53e6,eeaa2e8dcb3f1f52d66f53aaa2f6bfc00504759146cb516c92f547c41a7e665c_0,6970072a96c4e28b65129f6b,ead7336d-b7a9-4ecc-85e0-9026238413cd,600eb4c55eb50a0c7bb18a35,bigriz,Beer Coin,Uncommon,https://res.cloudinary.com/dcerwavw6/image/upload/v1769102054/beer_coin_front_yu9rxf.png,https://res.cloudinary.com/dcerwavw6/image/upload/v1769102057/beer_coin_byskce.glb,f9c964dc-7ea7-4ea1-a0ea-ab2dec711dc4,2026-01-23T13:56:34.910Z,true
6974045b35f5681f98ce55b0,754db419876115ed1e06036cbbf66b95e9b004514c5e734749202fadd7c0c50e_0,6973cd7135f5681f98ce551c,7d21ba19-719a-47b7-ad3c-ae05133b11be,600eb4c55eb50a0c7bb18a35,bigriz,Kabar Knife,Epic,https://res.cloudinary.com/dcerwavw6/image/upload/v1769102208/KABAR_front_mmzdsp.png,https://res.cloudinary.com/dcerwavw6/image/upload/v1769102207/KABAR_ffpho2.glb,8ba91198-6841-48a3-b9b2-c2fd300f3da9,2026-01-23T23:29:31.560Z,false
697467d535f5681f98ce57b4,de487cc8da59a6a2785100697e9e0d8b809cc15a8495668011e7abc7c35c15af_0,6973cd7135f5681f98ce551c,0af1bc2e-fc55-4f88-a3f6-814ae4a852af,615c7a1e03d71d0b52be0750,cryptochicano,Big Biz Lada,Epic,https://res.cloudinary.com/dcerwavw6/image/upload/v1769102055/big_biz_lada_right_fbznlv.png,https://res.cloudinary.com/dcerwavw6/image/upload/v1769102055/big_biz_lada_drbxdj.glb,e11084ac-8e53-4b90-bff5-9b225d7b426b,2026-01-24T06:33:57.544Z,false
6975595735f5681f98ce5b2e,bf5240a76984c362bd1f7778f0d0ac57a1e812a3e892ea8f2ad1b5ee1020a7fb_0,6973cd7135f5681f98ce551c,3f6e8e5a-e379-46f0-a9fa-8978273d5526,5fd81a2d38a02d38442f52e5,ruhd,Ceramic Knuckles,Uncommon,https://res.cloudinary.com/dcerwavw6/image/upload/v1769102056/Ceramic_kunckle_front_ptlhic.png,https://res.cloudinary.com/dcerwavw6/image/upload/v1769102056/Ceramic_kunckle_ha95bs.glb,dcaaa6ce-14ba-4c48-bb44-d0eba0b5e3d4,2026-01-24T23:44:23.641Z,false
6976352835f5681f98ce5d7f,609341fefae1643557ad703be011bbab81f3e0d74514a8cc9081c0096b85d7e1_0,6973cd7135f5681f98ce551c,c97b1040-9ee9-411e-b432-81d2d7eaa162,620552e6cf047c60fe10ee52,ChimpinAintEZ,Haunted Lada,Rare,https://res.cloudinary.com/dcerwavw6/image/upload/v1769102206/haunted_lada_right_asvyno.png,https://res.cloudinary.com/dcerwavw6/image/upload/v1769119256/haunted_lada_h67eyt.glb,be56d4e9-88fe-42f4-b81b-996d101d753f,2026-01-25T15:22:16.574Z,false
6976358735f5681f98ce5d82,c611cbacb08e5080692a4545fc6dbfbed0c95b61a2461934562a0d0e595f764b_0,6973cd7135f5681f98ce551c,88b2d510-5029-4abd-892a-8cf4db2452ef,620552e6cf047c60fe10ee52,ChimpinAintEZ,Pickled GPU,Epic,https://res.cloudinary.com/dcerwavw6/image/upload/v1769102213/Pickled_GPU_front_sqf7rs.png,https://res.cloudinary.com/dcerwavw6/image/upload/v1769102214/Pickled_GPU_ozj2rr.glb,8cd3a5e5-6ed6-423a-a06b-2a6ce4f6d8ef,2026-01-25T15:23:52.204Z,false
6976c96b35f5681f98ce604c,8546d4ed8085a229d415206ad36a2b6318fbab536636ee800d59893b2dca7864_0,6973cd7135f5681f98ce551c,a9450d1a-1f43-4cc3-a8be-7cc645fa4695,609ea30f7ab1df0b7917755b,iamtman,Orthodox Visors,Uncommon,https://res.cloudinary.com/dcerwavw6/image/upload/v1769102211/Orthodox_visors_front_mbtbrw.png,https://res.cloudinary.com/dcerwavw6/image/upload/v1769102212/Orthodox_visors_cmggsg.glb,ce1025c1-76d9-47c8-86f0-252edfa5c5fb,2026-01-26T01:54:52.290Z,false
6976c9c435f5681f98ce604e,38f08244802823a083dcae53347cad634c7b79f7141569ed16aae2ce0c1155cf_0,6973cd7135f5681f98ce551c,72ec5ab1-61f7-4c6f-b906-a995ecb7a622,609ea30f7ab1df0b7917755b,iamtman,Peppermill Gun,Epic,https://res.cloudinary.com/dcerwavw6/image/upload/v1769102212/peppermill_gun_right_dkeyrf.png,https://res.cloudinary.com/dcerwavw6/image/upload/v1769102212/peppermill_gun_ja2syq.glb,53021c31-4e2d-46c0-8cd8-d9238b942e56,2026-01-26T01:56:21.110Z,false
6976c9f335f5681f98ce6051,d25f9bb0794b813dc3dcd7790d695ed2548a2fb12d3c45618cfd4f6c26de4281_0,6973cd7135f5681f98ce551c,79b5c236-4141-4126-ae28-7181ca349b1f,618944137af9400b61b64f64,GameTight,Babushka's Shank,Rare,https://res.cloudinary.com/dcerwavw6/image/upload/v1769102054/babushka_shank_right_zmwdzy.png,https://res.cloudinary.com/dcerwavw6/image/upload/v1769102054/babushka_shank_wfdjhr.glb,4225dd67-e71c-411a-b34c-010f731678e1,2026-01-26T01:57:07.433Z,false
697766d335f5681f98ce614e,e1c9e3728399db9998a86201622b95c2cddeb79d4e25adfaec2578c8c0463b80_0,6973cd7135f5681f98ce551c,7d21ba19-719a-47b7-ad3c-ae05133b11be,5ffc8a019e6c410c7eef7f45,guxiaolei,Kabar Knife,Epic,https://res.cloudinary.com/dcerwavw6/image/upload/v1769102208/KABAR_front_mmzdsp.png,https://res.cloudinary.com/dcerwavw6/image/upload/v1769102207/KABAR_ffpho2.glb,1adf3b86-ef7b-478c-a490-843454adc73f,2026-01-26T13:06:27.439Z,false
6977670b35f5681f98ce614f,901f7881e2b48af75c594d36a16ceca78952fda790ee3ab9df62487d30762295_0,6973cd7135f5681f98ce551c,07b980e0-36dc-435d-90d6-25e587c7864f,5ffc8a019e6c410c7eef7f45,guxiaolei,Kvass Reactor,Epic,https://res.cloudinary.com/dcerwavw6/image/upload/v1769102210/Kvass_reactor_front_kfxzqn.png,https://res.cloudinary.com/dcerwavw6/image/upload/v1769102209/Kvass_reactor_ad0s1p.glb,b0f57095-2d61-434c-9120-0d3f543cdaa2,2026-01-26T13:07:24.210Z,false
6977679335f5681f98ce6158,ced77b0e01a63f93b639ae5559c95a07debf8664d8a4f5d011116b1f42683546_0,6973cd7135f5681f98ce551c,07b980e0-36dc-435d-90d6-25e587c7864f,5ffc8a019e6c410c7eef7f45,guxiaolei,Kvass Reactor,Epic,https://res.cloudinary.com/dcerwavw6/image/upload/v1769102210/Kvass_reactor_front_kfxzqn.png,https://res.cloudinary.com/dcerwavw6/image/upload/v1769102209/Kvass_reactor_ad0s1p.glb,c74045bd-ef67-429d-8313-4cb996a1e154,2026-01-26T13:09:39.656Z,false
6977683235f5681f98ce615c,1cd4cb522c976ddeca614028f2e391e50d594c2fee8ce7059581bd9c44e9ea60_0,6973cd7135f5681f98ce551c,47abec24-71d0-46fe-be26-b89664738119,5ffc8a019e6c410c7eef7f45,guxiaolei,Garlic Ring,Epic,https://res.cloudinary.com/dcerwavw6/image/upload/v1769102117/garlic_ring_front_hrt7yt.png,https://res.cloudinary.com/dcerwavw6/image/upload/v1769102117/garlic_ring_t6tx1j.glb,c6678d0d-540a-4b85-aea1-24d280e07749,2026-01-26T13:12:18.571Z,false
6977683f35f5681f98ce615e,d82ecdff0ad1e52c438b503dbe16df30516d60a62e4c845296dd0a603fd8c013_0,6973cd7135f5681f98ce551c,ead7336d-b7a9-4ecc-85e0-9026238413cd,5ffc8a019e6c410c7eef7f45,guxiaolei,Beer Coin,Uncommon,https://res.cloudinary.com/dcerwavw6/image/upload/v1769102054/beer_coin_front_yu9rxf.png,https://res.cloudinary.com/dcerwavw6/image/upload/v1769102057/beer_coin_byskce.glb,4c3669e5-1154-4ea1-afca-2568400d9c77,2026-01-26T13:12:32.054Z,false
6977684935f5681f98ce615f,fce2cccbd1adc65fcf6c352921f6c01c75c4d4a8c8e3d9bdd1732dd136181276_0,6973cd7135f5681f98ce551c,79b5c236-4141-4126-ae28-7181ca349b1f,5ffc8a019e6c410c7eef7f45,guxiaolei,Babushka's Shank,Rare,https://res.cloudinary.com/dcerwavw6/image/upload/v1769102054/babushka_shank_right_zmwdzy.png,https://res.cloudinary.com/dcerwavw6/image/upload/v1769102054/babushka_shank_wfdjhr.glb,fb0844fe-219d-451e-b8b8-59efeabc4f6c,2026-01-26T13:12:41.654Z,false
6977685535f5681f98ce6160,2f2b60148196dd358614ad6d60a278147c23066568db3c4fcc0f209c73813f11_0,6973cd7135f5681f98ce551c,2686672f-2bb1-488b-b211-5913d055fde7,5ffc8a019e6c410c7eef7f45,guxiaolei,Nuclear Pigeon,Uncommon,https://res.cloudinary.com/dcerwavw6/image/upload/v1769102211/nuclear_pidgeon_right_d8aou8.png,https://res.cloudinary.com/dcerwavw6/image/upload/v1769102211/nuclear_pidgeon_jwighj.glb,acb038d3-efdb-41f3-98c0-023e099cf5bb,2026-01-26T13:12:53.393Z,false
6977686c35f5681f98ce6161,60701d58bdf9f41e11dc7bb7af7f8d3b6f81ee6f433dca2ed492637c4d125179_0,6973cd7135f5681f98ce551c,0d6b23bb-9c67-4ac5-bd46-a23d100e2b8d,5ffc8a019e6c410c7eef7f45,guxiaolei,Dove Coin,Rare,https://res.cloudinary.com/dcerwavw6/image/upload/v1769102116/Dove_coin_top_aehju3.png,https://res.cloudinary.com/dcerwavw6/image/upload/v1769102117/Dove_coin_qhrtrk.glb,68f9c970-0930-47ad-9d6c-bccf0a17f80b,2026-01-26T13:13:16.249Z,false
6977687935f5681f98ce6162,9e1e07c1be6cc8655c5a9b23d8666da833c4662d54431635ae94b2145717b580_0,6973cd7135f5681f98ce551c,ead7336d-b7a9-4ecc-85e0-9026238413cd,5ffc8a019e6c410c7eef7f45,guxiaolei,Beer Coin,Uncommon,https://res.cloudinary.com/dcerwavw6/image/upload/v1769102054/beer_coin_front_yu9rxf.png,https://res.cloudinary.com/dcerwavw6/image/upload/v1769102057/beer_coin_byskce.glb,f5718374-2bff-4786-b92f-084a02a5b17e,2026-01-26T13:13:29.968Z,false
697768c035f5681f98ce6163,ff8a898000afbbb897e851d811c7e80ae86c97c9cfb9f0b3e259762270724f3a_0,6973cd7135f5681f98ce551c,cf515619-7ea9-45d7-ba2a-0ba62ae4158f,5ffc8a019e6c410c7eef7f45,guxiaolei,Gzhel SMG,Rare,https://res.cloudinary.com/dcerwavw6/image/upload/v1769102117/Ghzel_SMP_right_modhhd.png,https://res.cloudinary.com/dcerwavw6/image/upload/v1769102119/Ghzel_SMP_gtqjkt.glb,779dafc6-0e9f-4b65-9db9-a87397e490f4,2026-01-26T13:14:40.723Z,false
697768d335f5681f98ce6164,fcca25f2137e4b55aeb81641225402461433587831a88e5d5f0693c443ede85d_0,6973cd7135f5681f98ce551c,a9450d1a-1f43-4cc3-a8be-7cc645fa4695,60eedd6b9827f40b2aecd32e,METADESK,Orthodox Visors,Uncommon,https://res.cloudinary.com/dcerwavw6/image/upload/v1769102211/Orthodox_visors_front_mbtbrw.png,https://res.cloudinary.com/dcerwavw6/image/upload/v1769102212/Orthodox_visors_cmggsg.glb,66b6f143-480b-470e-bce0-be6bd60da079,2026-01-26T13:14:59.448Z,false
697768da35f5681f98ce6165,1414dc057dc3bd820a141b93b2dd11ded1faa55a618046d23d03be4859a2a9c8_0,6973cd7135f5681f98ce551c,e2e4e78c-95ef-4824-9867-a2c999da75cc,5ffc8a019e6c410c7eef7f45,guxiaolei,Skull Screen,Epic,https://res.cloudinary.com/dcerwavw6/image/upload/v1769120396/SkullScreen_front_ep0wox.png,https://res.cloudinary.com/dcerwavw6/image/upload/v1769120397/SkullScreen_unie19.glb,a6b275c3-5fa2-4c38-95ea-1790a0433564,2026-01-26T13:15:07.050Z,false
6977af3735f5681f98ce6285,a9e383dfaa0f831d99742602f765ddaa8d16e15c3835a20ad445178070ceaffa_0,6973cd7135f5681f98ce551c,3b5e3ae3-8de2-414e-b116-42f92a23d35f,600eb4c55eb50a0c7bb18a35,bigriz,Infinite Sunflower Pouch,Epic,https://res.cloudinary.com/dcerwavw6/image/upload/v1769102206/Infinite_sunflower_puch_front_ib4rdy.png,https://res.cloudinary.com/dcerwavw6/image/upload/v1769102207/Infinite_sunflower_puch_lnzb1y.glb,b12f2577-b092-4c0b-a63b-6bf954573535,2026-01-26T18:15:19.807Z,false
6977edb635f5681f98ce638d,d32406687fead6622b7bb7af6044dba110e3da8e939e03c80dbbf1e0065ef5c8_0,6973cd7135f5681f98ce551c,bf86a92e-001b-40ac-a51e-826a9cb60f4b,61ed8c9a31cc4bfb84c1e9ac,asc1768,Vampire Rat,Epic,https://res.cloudinary.com/dcerwavw6/image/upload/v1769170613/Vampire_Rat_right_x9mvjj.png,https://res.cloudinary.com/dcerwavw6/image/upload/v1769170615/Vampire_Rat_y7gmgc.glb,db8f5e5f-fd1b-496c-adb7-7a4be97b0104,2026-01-26T22:41:58.887Z,false
6977f16a35f5681f98ce63a0,4ecae4201461ba5c18d5dc5050d53f7e3b78b4bc1396f6fb8a388f81f6be9564_0,6973cd7135f5681f98ce551c,79b5c236-4141-4126-ae28-7181ca349b1f,67191dab19704168447f940c,BtheParadise,Babushka's Shank,Rare,https://res.cloudinary.com/dcerwavw6/image/upload/v1769102054/babushka_shank_right_zmwdzy.png,https://res.cloudinary.com/dcerwavw6/image/upload/v1769102054/babushka_shank_wfdjhr.glb,01d92bfc-3ae0-4e83-a0d2-2e5ef278e249,2026-01-26T22:57:46.928Z,false
6977f9cd35f5681f98ce63b0,7897911c0c6117e5fb120f13da16dbad72ac34ed350a377c1f41369aa4c4ec39_0,6973cd7135f5681f98ce551c,2686672f-2bb1-488b-b211-5913d055fde7,60797fe28ce6350c1a661a94,peweeroots,Nuclear Pigeon,Uncommon,https://res.cloudinary.com/dcerwavw6/image/upload/v1769102211/nuclear_pidgeon_right_d8aou8.png,https://res.cloudinary.com/dcerwavw6/image/upload/v1769102211/nuclear_pidgeon_jwighj.glb,63013737-2b7a-4cda-9b39-3c207e423fc3,2026-01-26T23:33:33.809Z,false
6977fa3f35f5681f98ce63b1,76760eb01352d5d9a1ea8376737f995a7af3025dbf1702618f86b7338a85df7d_0,6973cd7135f5681f98ce551c,0d6b23bb-9c67-4ac5-bd46-a23d100e2b8d,61832a2f65af7a0b33d59a57,jorge2,Dove Coin,Rare,https://res.cloudinary.com/dcerwavw6/image/upload/v1769102116/Dove_coin_top_aehju3.png,https://res.cloudinary.com/dcerwavw6/image/upload/v1769102117/Dove_coin_qhrtrk.glb,f3e8cc8e-956d-43f7-8e3f-a194e2b5646c,2026-01-26T23:35:28.048Z,false
6977fa5d35f5681f98ce63b2,76c3965a80f89928a0e2b582ee4443c2f847e7a5cec1f8f45d96c103561f57b0_0,6973cd7135f5681f98ce551c,2686672f-2bb1-488b-b211-5913d055fde7,61832a2f65af7a0b33d59a57,jorge2,Nuclear Pigeon,Uncommon,https://res.cloudinary.com/dcerwavw6/image/upload/v1769102211/nuclear_pidgeon_right_d8aou8.png,https://res.cloudinary.com/dcerwavw6/image/upload/v1769102211/nuclear_pidgeon_jwighj.glb,7743dcf7-bbc9-43e8-909c-29817a43df35,2026-01-26T23:35:57.780Z,false
6977fa9935f5681f98ce63b3,32b5698baf3fd563cf645b333967f9aa60792ae7313e451c7db7d7378a39ba46_0,6973cd7135f5681f98ce551c,a9450d1a-1f43-4cc3-a8be-7cc645fa4695,61832a2f65af7a0b33d59a57,jorge2,Orthodox Visors,Uncommon,https://res.cloudinary.com/dcerwavw6/image/upload/v1769102211/Orthodox_visors_front_mbtbrw.png,https://res.cloudinary.com/dcerwavw6/image/upload/v1769102212/Orthodox_visors_cmggsg.glb,fc1be331-3658-48ae-85b3-5fbeee034775,2026-01-26T23:36:57.641Z,false
6977faa735f5681f98ce63b4,04703ab7b134242803f3152c881b01fed29f9bdd382c87e1155fa6b5adf29b19_0,6973cd7135f5681f98ce551c,cf515619-7ea9-45d7-ba2a-0ba62ae4158f,61832a2f65af7a0b33d59a57,jorge2,Gzhel SMG,Rare,https://res.cloudinary.com/dcerwavw6/image/upload/v1769102117/Ghzel_SMP_right_modhhd.png,https://res.cloudinary.com/dcerwavw6/image/upload/v1769102119/Ghzel_SMP_gtqjkt.glb,0e9212da-473f-47dc-869f-fd1c8197356f,2026-01-26T23:37:11.751Z,false
6977fabb35f5681f98ce63b5,027c46f111ccd6d19330ee4a76d866a02e74c4b9c7478a86bb8f482b38325cbb_0,6973cd7135f5681f98ce551c,79b5c236-4141-4126-ae28-7181ca349b1f,61832a2f65af7a0b33d59a57,jorge2,Babushka's Shank,Rare,https://res.cloudinary.com/dcerwavw6/image/upload/v1769102054/babushka_shank_right_zmwdzy.png,https://res.cloudinary.com/dcerwavw6/image/upload/v1769102054/babushka_shank_wfdjhr.glb,11de8903-4ed0-4720-8c76-ca29f29f921e,2026-01-26T23:37:31.536Z,false
6977fb0435f5681f98ce63b6,c15d1a8d2149aed8ae3fa872a9bb64213a7b987f3a026c939db5a34f4bb292b8_0,6973cd7135f5681f98ce551c,c97b1040-9ee9-411e-b432-81d2d7eaa162,601ae8cf640e9b0c6759567f,Lexssit,Haunted Lada,Rare,https://res.cloudinary.com/dcerwavw6/image/upload/v1769102206/haunted_lada_right_asvyno.png,https://res.cloudinary.com/dcerwavw6/image/upload/v1769119256/haunted_lada_h67eyt.glb,1578bd3f-5d0f-47e2-8e18-92cd38ed531c,2026-01-26T23:38:44.775Z,false
69780ac935f5681f98ce657f,50c8cbc1dfa450835961b2f7a0a072d818f5a835148344ef669ae9190df24ef6_0,6973cd7135f5681f98ce551c,c97b1040-9ee9-411e-b432-81d2d7eaa162,60eedd6b9827f40b2aecd32e,METADESK,Haunted Lada,Rare,https://res.cloudinary.com/dcerwavw6/image/upload/v1769102206/haunted_lada_right_asvyno.png,https://res.cloudinary.com/dcerwavw6/image/upload/v1769119256/haunted_lada_h67eyt.glb,41452101-1b3b-4378-b68a-6fef1d12a4ab,2026-01-27T00:46:02.007Z,false
697816e435f5681f98ce658b,60c21eccce389c814e1ca9671fc4f5669ad589df29d8ed60e276bfa7f5fa45fa_0,6973cd7135f5681f98ce551c,c15ef963-5921-4cd0-96fb-9db9392251be,5fed5442c0e79a0c6e5e85e0,bsvcrypto,Soviet Stick,Legendary,https://res.cloudinary.com/dcerwavw6/image/upload/v1769120399/soviet_stick_top_hzvxhw.png,https://res.cloudinary.com/dcerwavw6/image/upload/v1769120400/soviet_stick_szddwr.glb,c9f32e4b-dd5f-4fa6-ab5f-c7fb75a4166f,2026-01-27T01:37:40.818Z,false
697816fb35f5681f98ce658d,7f39cda86685f7f30c8d8e967bcf9d6e0faae911a91fc4c8eeeaf69306f8d692_0,6973cd7135f5681f98ce551c,3f6e8e5a-e379-46f0-a9fa-8978273d5526,5fed5442c0e79a0c6e5e85e0,bsvcrypto,Ceramic Knuckles,Uncommon,https://res.cloudinary.com/dcerwavw6/image/upload/v1769102056/Ceramic_kunckle_front_ptlhic.png,https://res.cloudinary.com/dcerwavw6/image/upload/v1769102056/Ceramic_kunckle_ha95bs.glb,7ad66611-9e74-4eb3-a4f8-1346515141af,2026-01-27T01:38:03.837Z,false
6978170b35f5681f98ce658e,e8c3ed11928291dce39a9f46c23ba47a6d14164df6e2a86a0864fa3d33b03d4a_0,6973cd7135f5681f98ce551c,ead7336d-b7a9-4ecc-85e0-9026238413cd,5fed5442c0e79a0c6e5e85e0,bsvcrypto,Beer Coin,Uncommon,https://res.cloudinary.com/dcerwavw6/image/upload/v1769102054/beer_coin_front_yu9rxf.png,https://res.cloudinary.com/dcerwavw6/image/upload/v1769102057/beer_coin_byskce.glb,9f7ff8cc-0547-474f-ab39-762f8bf7c0f1,2026-01-27T01:38:19.955Z,false
6978176335f5681f98ce658f,081cfccd4b80f11b4f7fcecada8f2cbcd5eb9dbf242c87d84c24b86efacd6c01_0,6973cd7135f5681f98ce551c,e19fc380-7894-4702-84a2-ccb4129d015e,5fed5442c0e79a0c6e5e85e0,bsvcrypto,Tank Stroller,Rare,https://res.cloudinary.com/dcerwavw6/image/upload/v1769120403/tank_stroller_front_zfxwyz.png,https://res.cloudinary.com/dcerwavw6/image/upload/v1769120403/tank_stroller_eybwod.glb,b0e85843-1625-4bd8-9972-cfd671269aa6,2026-01-27T01:39:47.492Z,false
6978176f35f5681f98ce6590,f67101d4cf66a3cfec6ed510b7eae8df82cdcacb5cb8405789ac539cf0e8e868_0,6973cd7135f5681f98ce551c,cf515619-7ea9-45d7-ba2a-0ba62ae4158f,5fed5442c0e79a0c6e5e85e0,bsvcrypto,Gzhel SMG,Rare,https://res.cloudinary.com/dcerwavw6/image/upload/v1769102117/Ghzel_SMP_right_modhhd.png,https://res.cloudinary.com/dcerwavw6/image/upload/v1769102119/Ghzel_SMP_gtqjkt.glb,f6401c95-0752-435f-8bdb-5cda6767dd12,2026-01-27T01:39:59.895Z,false
69781ab235f5681f98ce6597,522b82900a4c550141dbf43e110e808e6aa2aad7277549de6b7d0e39c817e574_0,6973cd7135f5681f98ce551c,e19fc380-7894-4702-84a2-ccb4129d015e,615f320547f3d00b4b5d0b4f,XYZbot,Tank Stroller,Rare,https://res.cloudinary.com/dcerwavw6/image/upload/v1769120403/tank_stroller_front_zfxwyz.png,https://res.cloudinary.com/dcerwavw6/image/upload/v1769120403/tank_stroller_eybwod.glb,0db51a4e-1a38-480c-bd26-df8e90d79af4,2026-01-27T01:53:54.772Z,false
69781ac335f5681f98ce6598,8bfe4dc142b54f1a8bc5082ecf9f7771671d854e0d74ee6e75f1290dcbb540f4_0,6973cd7135f5681f98ce551c,42c2640b-3374-4a11-81f1-77707bf9bd6c,615f320547f3d00b4b5d0b4f,XYZbot,Gopnik Spy Hat,Rare,https://res.cloudinary.com/dcerwavw6/image/upload/v1769102119/gop_spy_hat__right_vo9i5j.png,https://res.cloudinary.com/dcerwavw6/image/upload/v1769102119/gop_spy_hat_kzumis.glb,4895273d-188e-4862-a8d5-42f78de7bad9,2026-01-27T01:54:11.276Z,false
69781acf35f5681f98ce6599,94ec9cbc5f03e1a5181a8b557cdbb960edc6b22a105b6db303480dec9f730c4b_0,6973cd7135f5681f98ce551c,2686672f-2bb1-488b-b211-5913d055fde7,615f320547f3d00b4b5d0b4f,XYZbot,Nuclear Pigeon,Uncommon,https://res.cloudinary.com/dcerwavw6/image/upload/v1769102211/nuclear_pidgeon_right_d8aou8.png,https://res.cloudinary.com/dcerwavw6/image/upload/v1769102211/nuclear_pidgeon_jwighj.glb,15bf04e4-8ad6-4186-ae4a-c37ad88e3be8,2026-01-27T01:54:23.372Z,false
69781adc35f5681f98ce659a,7efdeb27e03c935c2e51fc2b5c19817371af84b963b9a0a5f81ca45322987cc6_0,6973cd7135f5681f98ce551c,e19fc380-7894-4702-84a2-ccb4129d015e,615f320547f3d00b4b5d0b4f,XYZbot,Tank Stroller,Rare,https://res.cloudinary.com/dcerwavw6/image/upload/v1769120403/tank_stroller_front_zfxwyz.png,https://res.cloudinary.com/dcerwavw6/image/upload/v1769120403/tank_stroller_eybwod.glb,a273b535-f781-425b-b319-4504ccf04901,2026-01-27T01:54:36.885Z,false
69781e0c35f5681f98ce659d,2e33cc951a7a4f274ae8ac11041dc1c339577275785f9f572afe482f7725c466_0,6973cd7135f5681f98ce551c,c97b1040-9ee9-411e-b432-81d2d7eaa162,615f320547f3d00b4b5d0b4f,XYZbot,Haunted Lada,Rare,https://res.cloudinary.com/dcerwavw6/image/upload/v1769102206/haunted_lada_right_asvyno.png,https://res.cloudinary.com/dcerwavw6/image/upload/v1769119256/haunted_lada_h67eyt.glb,130f6d55-1442-4021-9ad5-6fa324154247,2026-01-27T02:08:12.877Z,false
6978265935f5681f98ce65a9,179e7f32d1e38cfcf5cb6de2603bd843816a1dfc5c8032326d2dd1757cec3557_0,6973cd7135f5681f98ce551c,6ae20aff-f334-4060-978a-e39b6a807a79,615f320547f3d00b4b5d0b4f,XYZbot,TT33 Pistol,Epic,https://res.cloudinary.com/dcerwavw6/image/upload/v1769120403/TT33_right_qcgova.png,https://res.cloudinary.com/dcerwavw6/image/upload/v1769120403/TT33_n09xc0.glb,06bee117-c18e-4662-9a82-ac5a0019afc4,2026-01-27T02:43:37.999Z,false
6978266c35f5681f98ce65aa,5d71a0157989891af7cac5c6ae19363aaeec4c0ee6f2b7f706f47a5f92c22683_0,6973cd7135f5681f98ce551c,ead7336d-b7a9-4ecc-85e0-9026238413cd,615f320547f3d00b4b5d0b4f,XYZbot,Beer Coin,Uncommon,https://res.cloudinary.com/dcerwavw6/image/upload/v1769102054/beer_coin_front_yu9rxf.png,https://res.cloudinary.com/dcerwavw6/image/upload/v1769102057/beer_coin_byskce.glb,3c6bdbb5-053f-42fc-b2c5-af2d49fd1372,2026-01-27T02:43:56.695Z,false
6978366835f5681f98ce65b9,789e5c95dd5825b9ed735602a8a192af581de6e054f0c222393777a85fbecb27_0,6973cd7135f5681f98ce551c,72ec5ab1-61f7-4c6f-b906-a995ecb7a622,62afc62f558e52321a3c8886,iainzor,Peppermill Gun,Epic,https://res.cloudinary.com/dcerwavw6/image/upload/v1769102212/peppermill_gun_right_dkeyrf.png,https://res.cloudinary.com/dcerwavw6/image/upload/v1769102212/peppermill_gun_ja2syq.glb,ea4aca59-574b-46a3-9ac1-832f7dbf0f3c,2026-01-27T03:52:09.100Z,false
6978367e35f5681f98ce65ba,4e15ff9072c9162a99cf23a16e46be2ffad63b5fb65b658cc61c943eef5ee019_0,6973cd7135f5681f98ce551c,709338c5-2aec-4d23-8651-ecdc6773bb91,62afc62f558e52321a3c8886,iainzor,Boss Shoe,Legendary,https://res.cloudinary.com/dcerwavw6/image/upload/v1769102055/Boss_shue_front_tk22ys.png,https://res.cloudinary.com/dcerwavw6/image/upload/v1769102055/Boss_shue_c0qflz.glb,3a72c6e0-7226-469a-8735-dd3716e5b742,2026-01-27T03:52:30.605Z,false
69783e0435f5681f98ce661a,1eb51df4e49aea0b27d415de999848cc7e163dd5709a5ed27e34c8bb41f067fc_0,6973cd7135f5681f98ce551c,3f6e8e5a-e379-46f0-a9fa-8978273d5526,5ffc8a019e6c410c7eef7f45,guxiaolei,Ceramic Knuckles,Uncommon,https://res.cloudinary.com/dcerwavw6/image/upload/v1769102056/Ceramic_kunckle_front_ptlhic.png,https://res.cloudinary.com/dcerwavw6/image/upload/v1769102056/Ceramic_kunckle_ha95bs.glb,d25d65c2-d5f6-4b8e-96b3-689f22fb2a3c,2026-01-27T04:24:36.990Z,false
6978678535f5681f98ce66f0,925822c2e5c5805fb6e91e02b86bcec04e8abbd03d69e968a1cc63cb3f88077c_0,6973cd7135f5681f98ce551c,72ec5ab1-61f7-4c6f-b906-a995ecb7a622,6022ea485fd45b0c781c9cb8,Kritoshi,Peppermill Gun,Epic,https://res.cloudinary.com/dcerwavw6/image/upload/v1769102212/peppermill_gun_right_dkeyrf.png,https://res.cloudinary.com/dcerwavw6/image/upload/v1769102212/peppermill_gun_ja2syq.glb,4848a987-6b5f-4241-99b7-233efc761548,2026-01-27T07:21:41.872Z,false
6978817735f5681f98ce6730,86ea932e4fac94e8e814c5db9192fbb34fe30406a2930392d23e4e1d04f2b068_0,6973cd7135f5681f98ce551c,07b980e0-36dc-435d-90d6-25e587c7864f,6061a987f403ed0c859f8e2e,water,Kvass Reactor,Epic,https://res.cloudinary.com/dcerwavw6/image/upload/v1769102210/Kvass_reactor_front_kfxzqn.png,https://res.cloudinary.com/dcerwavw6/image/upload/v1769102209/Kvass_reactor_ad0s1p.glb,2c374e49-1a0e-4d10-bc73-c5af33348289,2026-01-27T09:12:24.058Z,false
6978a52d35f5681f98ce6798,eba571036ce98c438b8232d7205a5d5a51ff0a56b54276580c359c66383c0584_0,6973cd7135f5681f98ce551c,a9450d1a-1f43-4cc3-a8be-7cc645fa4695,5fddf3bc8702bd0c4a3af6c3,Voyo,Orthodox Visors,Uncommon,https://res.cloudinary.com/dcerwavw6/image/upload/v1769102211/Orthodox_visors_front_mbtbrw.png,https://res.cloudinary.com/dcerwavw6/image/upload/v1769102212/Orthodox_visors_cmggsg.glb,bd0e0ba7-88fc-4cc9-86ad-d2bfac15b588,2026-01-27T11:44:45.583Z,false
6978a52d35f5681f98ce6799,bdf42e2d1b0e9ec3cc3003e4a774a66f68bde78c3b849cf8378a878bec0ad090_0,6973cd7135f5681f98ce551c,3f6e8e5a-e379-46f0-a9fa-8978273d5526,5fddf3bc8702bd0c4a3af6c3,Voyo,Ceramic Knuckles,Uncommon,https://res.cloudinary.com/dcerwavw6/image/upload/v1769102056/Ceramic_kunckle_front_ptlhic.png,https://res.cloudinary.com/dcerwavw6/image/upload/v1769102056/Ceramic_kunckle_ha95bs.glb,ca2f99b4-89fc-4af0-a3af-b96a3a0c5fa3,2026-01-27T11:44:45.778Z,false
6978a55135f5681f98ce67b4,86930e4fd7fca444fc5fa4d97ace5c903a4f9ad726ccb6d633ad72174d360598_0,6973cd7135f5681f98ce551c,33f2b119-7f97-4ab0-a26c-2aa0988af46c,5fddf3bc8702bd0c4a3af6c3,Voyo,Stilleto,Epic,https://res.cloudinary.com/dcerwavw6/image/upload/v1769120401/Stilleto_front_gq7vve.png,https://res.cloudinary.com/dcerwavw6/image/upload/v1769120400/Stilleto_ggwfux.glb,4d2ddb9a-1b4f-45f6-b100-6b13a65dcdc3,2026-01-27T11:45:21.581Z,false
6978ce5035f5681f98ce683a,39fe001fb5c3a25019a9348037e8ba4ac02b92da7053c2868561aff500299a2e_0,6973cd7135f5681f98ce551c,79b5c236-4141-4126-ae28-7181ca349b1f,5ffc8a019e6c410c7eef7f45,guxiaolei,Babushka's Shank,Rare,https://res.cloudinary.com/dcerwavw6/image/upload/v1769102054/babushka_shank_right_zmwdzy.png,https://res.cloudinary.com/dcerwavw6/image/upload/v1769102054/babushka_shank_wfdjhr.glb,59f67586-9a17-4e24-8c63-d7ae355a0a14,2026-01-27T14:40:16.664Z,false